domain,sources
carculator.biz,Turo Inc.
carculator.info,Turo Inc.
carculator.org,Turo Inc.
carz.app,Turo Inc.
recinosfleet.com,primary
relayride.com,Turo Inc.
relayride.info,Turo Inc.
relayride.net,Turo Inc.
relayride.org,Turo Inc.
relayrides.com,Turo Inc.
relayrides.org,Turo Inc.
relayrides.rentals,Turo Inc.
relayridesnow.info,Turo Inc.
relayridesnow.net,Turo Inc.
relayridesnow.org,Turo Inc.
sharemycarca.com,Turo Inc.
sharemycarcalifornia.com,Turo Inc.
touro.app,Turo Inc.
turo.agency,Turo Inc.
turo.com,Turo Inc.
turo.com.ru,"RelayRides, Inc."
turo.xyz,Turo Inc.
